Any;1
Accounting;2
Arts and Crafts;3
Banking Finance;4
Business Administration;5
Communications;6
Consulting;7
Dance;8
Education Management;9
Enterpreneurship;10
Event Management;11
Fashion Designing;12
Film and Media;13
Finance;14
Government Administrations;15
Government Relations;16
Graphic Design;17
Hotel Management;18
Human Relations;19
International Affairs;20
International Business;21
Journalism;22
Law enforcement;23
Legal Services;24
Market research;25
Marketing and Advertising;26
Music;27
Operations;28
Real Estate;29
Risk Mangement and Insurance;30
Sports;31
Systems;32
Visual Arts;33
Writing and Editing;34
Others;35
